Type,Name,Request Count,Failure Count,Median Response Time,Average Response Time,Min Response Time,Max Response Time,Average Content Size,Requests/s,Failures/s,50%,66%,75%,80%,90%,95%,98%,99%,99.9%,99.99%,100%
GET,/api/events [warmup],100,0,750,919.3783923100023,161.67094200000065,2319.9825649999184,43009.1,0.3345780334790444,0.0,750,960,1200,1700,1900,1900,1900,2300,2300,2300,2300
DELETE,DELETE /api/bookings/{id} [auth],1223,0,320,333.54055729027027,142.95747799997116,1400.2631590000192,290.6901062959935,4.091889349448713,0.0,320,360,390,400,450,500,560,600,910,1400,1400
GET,GET /api/bookings/me [auth],4831,0,250,266.6266566162267,74.4635590000371,2131.379423999988,5082.9867522252125,16.163464797372637,0.0,250,290,310,330,380,440,510,570,1200,2100,2100
GET,GET /api/events,18890,0,230,246.98898348793045,14.60263500007386,2176.4711910000187,8636.593965060878,63.20179052419149,0.0,230,260,280,300,350,400,480,570,1900,2100,2200
GET,GET /api/events/{id},7533,0,230,253.19722624837559,22.819426000069143,2457.589189000032,428.1278375149343,25.203763261976416,0.0,230,270,290,310,370,430,520,600,2200,2500,2500
GET,GET /api/events?city,11281,0,230,246.03816191942275,20.26550900006896,2086.489680999989,8666.25033241734,37.743747956770996,0.0,230,260,280,300,350,400,480,590,1900,2100,2100
POST,POST /api/auth/login,30,0,2700,2581.041040066664,1665.7984360000455,4027.322984999955,414.3,0.10037341004371332,0.0,2700,2900,3000,3100,3200,3200,4000,4000,4000,4000,4000
POST,POST /api/auth/register,30,0,3100,2903.5319957666684,1031.5803199999891,3955.050796000023,131.76666666666668,0.10037341004371332,0.0,3100,3600,3700,3800,3900,3900,4000,4000,4000,4000,4000
POST,POST /api/bookings [auth],3694,0,300,313.8979163294559,101.42336600006274,2122.1652660000245,265.73253925284246,12.359312556715901,0.0,300,340,370,380,440,510,590,630,1200,2100,2100
,Aggregated,47612,0,240,261.7096639699031,14.60263500007386,4027.322984999955,6182.152566579854,159.29929330004262,0.0,240,270,300,320,380,430,530,640,2300,3800,4000
